delta,golf_egurra_slope,golf_egurra_mean,golf_zorua_slope,golf_zorua_mean,tenis_egurra_slope,tenis_egurra_mean,tenis_zorua_slope,tenis_zorua_mean
0.0,-0.004555617931167988,0.7182457945026328,-0.013953678658434785,0.8829692483935201,-0.02321994238848919,0.7707742409404261,-0.02282560388501327,0.7681826861062981
0.5,-0.0028226339086220077,0.7164378350054335,-0.013268416091182032,0.882270450154237,-0.022120519764838087,0.7694532045233777,-0.021516650233943006,0.7667762818126999
1.0,-0.0010393484247392948,0.7146015363572652,-0.012564182127855109,0.8815614263773146,-0.02098990078412295,0.7681135978954752,-0.020170104215508532,0.7653489806192819
1.5,0.0007960707741683448,0.7127361094859357,-0.011840352105696745,0.8808419156683059,-0.019827018374348773,0.7667549535121992,-0.01878466219595294,0.7639002323957302
2.0,0.0026855438549471256,0.710840731993853,-0.011096275225501353,0.8801116468292821,-0.018630758189658182,0.7653767858943297,-0.01735896208727248,0.7624294652521255
2.5,0.004631084344955805,0.7089145462178387,-0.010331273190050056,0.8793703383722009,-0.01739995594644399,0.7639785906836641,-0.01589158001440292,0.7609360843683632
3.0,0.006634805004008903,0.7069566571423676,-0.009544638756584744,0.8786176980022055,-0.01613339457349048,0.7625598436348926,-0.01438102674661923,0.759419470742986
3.5,0.008698924161530864,0.7049661301524311,-0.008735634196894663,0.8778534220686358,-0.014829801160430733,0.7611199995383198,-0.012825743872897744,0.7578789798545992
4.0,0.010825772564212377,0.7029419886106517,-0.007903489658032137,0.8770771949813305,-0.013487843687235122,0.7596584910675922,-0.01122409969892244,0.7563139402283409
4.5,0.013017800784762513,0.7008832112414946,-0.007047401416058261,0.8762886885895894,-0.01210612751568394,0.7581747275459982,-0.009574384841092588,0.7547236518991051
5.0,0.015277587248385327,0.6987887293033855,-0.00616653001454557,0.8754875615209363,-0.010683191621810174,0.7566680936242527,-0.007874807490286573,0.7531073847623401
5.5,0.017607846940491712,0.6966574235272349,-0.005259998278817725,0.8746734584765612,-0.00921750454609025,0.755137947861932,-0.0061234883152088805,0.7514643768022659
6.0,0.020011440867031816,0.6944881207972177,-0.004326889196088983,0.8738460094800409,-0.007707460035683323,0.7535836212039017,-0.004318454971848751,0.7497938321862477
6.5,0.022491386347859455,0.6922795905466297,-0.0033662436507536355,0.8730048290756234,-0.0061513723502308,0.7520044153421352,-0.002457636181858636,0.7480949192128205
7.0,0.02505086823391729,0.6900305408381516,-0.0023770580030774697,0.8721495154720167,-0.004547471199587406,0.7503996009522809,-0.0005388553384482853,0.7463667680994458
7.5,0.027693251150996342,0.6877396140938449,-0.0013582814984301956,0.8712796496272379,-0.002893896278304231,0.7487684157931391,0.0014401764063779023,0.7446084685944894
8.0,0.030422092886652628,0.68540538243555,-0.00030881349296666024,0.8703947942696587,-0.0011886913576712788,0.7471100626558668,0.0034818676248377757,0.7428190673960932
8.5,0.0332411590529063,0.6830263425909959,0.0007724995197001009,0.869494492849909,0.0005702021084291964,0.7454237071482075,0.005588754724409473,0.74099756535855
9.0,0.03615443917600463,0.6806009103146567,0.0018868670978109715,0.868578268417782,0.0023849519127828733,0.7437084752973087,0.007763510751706403,0.7391429144644348
9.5,0.03916616438630986,0.6781274142651093,0.0030355582754242774,0.8676456224176962,0.004257842614035301,0.741963450952719,0.010008954962070793,0.7372540145380485
10.0,0.04228082690687325,0.6756040892720964,0.004219905241581209,0.866696033395627,0.006191283707370498,0.740187672968904,0.012328063237018537,0.7353297096726393
10.5,0.04550320156923351,0.6730290689164612,0.005441307297324032,0.8657289556096996,0.00818781851593211,0.7383801321440454,0.01472397944232211,0.7333687843403073
11.0,0.048838369620338475,0.6704003773342926,0.006701235115570997,0.8647438175358149,0.010250133881094548,0.7365397678889284,0.017200027831803986,0.7313699591493877
11.5,0.05229174512637266,0.6677159201425912,0.008001235331478385,0.8637400202587887,0.012381070739861433,0.7346654645963265,0.019759726616142628,0.7293318862093687
12.0,0.05586910432908381,0.664973474367121,0.009342935493871593,0.8627169357384638,0.014583635689418074,0.7327560476773629,0.022406802832511907,0.7272531440578643
