grp,h,n,mean,sd,sem,ci_t,ci_196,h1px,h2px,rise
golf_egurra,0.5,5,0.7254495567138398,0.009414922306878454,0.0042104812562118715,0.011690170074336507,0.008252543262175269,59.56690753404639,31.35242902944999,56.0
golf_egurra,1.0,5,0.7083938880113873,0.031155190206880755,0.01393302463090422,0.03868427803707431,0.02730872827657227,109.87933800852075,55.24552831335628,75.4
golf_egurra,1.5,5,0.7208939387826717,0.02182677621304306,0.009761231068407943,0.02710152222058586,0.019132012894079568,161.48532736523313,84.00991700760214,85.6
golf_zorua,0.5,5,0.8896436556883318,0.006807882465840124,0.003044577595289481,0.008453102561836349,0.005967372086767383,55.41421644362906,43.86146290263828,69.2
golf_zorua,1.0,5,0.8820790754632135,0.003914710667516124,0.001750711832961926,0.004860755299238997,0.003431395192605375,110.98327099459225,86.35244736639295,96.0
golf_zorua,1.5,4,0.8757389554378885,0.003203496168059037,0.0016017480840295184,0.005097477272014999,0.003139426244697856,168.09056139006856,128.91451861194452,117.25
tenis_egurra,0.5,5,0.7807043950437074,0.009038232138689633,0.004042020291706665,0.011222447454019128,0.007922359771745064,69.17214593370618,42.02807133739593,66.8
tenis_egurra,1.0,5,0.7741338751223535,0.0032623400990558927,0.0014589628454424746,0.004050730250894204,0.00285956717706725,111.72970079071483,66.95829408551569,84.2
tenis_egurra,1.5,5,0.7574844526552181,0.0016455559779918441,0.0007359150055141823,0.0020432276149014586,0.0014423934108077972,166.15713497786803,95.33917274827516,102.0
tenis_zorua,0.5,5,0.7792974509197237,0.010525345540632941,0.004707077623105906,0.013068942626458456,0.009225872141287575,58.98052759842558,35.848652826371314,62.6
tenis_zorua,1.0,5,0.7687787603644602,0.006360902537525427,0.0028446820944315523,0.007898103676928291,0.005575576905085843,111.47572748033399,65.884299236519,85.8
tenis_zorua,1.5,5,0.7564718470347105,0.00584037615379442,0.0026118956188106177,0.0072517848061343015,0.0051193154128688105,165.8691155724785,94.91728691449045,99.8
