grp,nominal_drop_height_m,cor_height_method,rise,rebound_height_px,initial_height_px
golf_egurra,0.5,0.7371298880851865,58.0,31.82422117586876,58.5692607783752
golf_egurra,0.5,0.7236514691580518,57.0,30.623872783464435,58.47917210836155
golf_egurra,0.5,0.7320938955160958,56.0,32.57526351131375,60.77911421273427
golf_egurra,0.5,0.7213207897877715,55.0,31.67642825821804,60.88065367872693
golf_egurra,0.5,0.713051741022093,54.0,30.06235941838497,59.126336892033976
golf_egurra,1.5,0.7065113176618527,93.0,81.57514405008385,163.42541741032034
golf_egurra,1.5,0.7017957757567423,50.0,77.20696962221518,156.75991060259963
golf_egurra,1.5,0.7175848910747358,93.0,84.12795739465102,163.3780742054442
golf_egurra,1.5,0.7213119617990341,95.0,83.97707392298747,161.4040654191184
golf_egurra,1.5,0.7572657476209937,97.0,93.16244004807322,162.45916918868318
golf_egurra,1.0,0.7132018799976773,76.0,55.46122867057676,109.0346485261777
golf_egurra,1.0,0.7242486393628046,78.0,58.315475091454346,111.1753338296999
golf_egurra,1.0,0.6993695277425332,75.0,53.681653108916976,109.75200676871484
golf_egurra,1.0,0.7441615244484554,80.0,61.11118757925021,110.35354774352442
golf_egurra,1.0,0.6609878685054656,68.0,47.65809711658312,109.08115317448691
golf_zorua,0.5,0.893064611858778,69.0,45.505833263427576,57.0559984986408
golf_zorua,0.5,0.8978957576024077,71.0,42.71778814987215,52.985485540822
golf_zorua,0.5,0.883145568449723,67.0,43.521508476508586,55.80066206045879
golf_zorua,0.5,0.8920548514997486,70.0,45.90885180470326,57.69169675363278
golf_zorua,0.5,0.8820574890310008,69.0,41.65333281867984,53.5372393645909
golf_zorua,1.5,0.8768547398886902,118.0,130.03238814734704,169.12049103860778
golf_zorua,1.5,0.8735356072969208,117.0,128.93067177407625,168.96432608660672
golf_zorua,1.5,0.87281171094086,117.0,126.76915427702396,166.40733424052652
golf_zorua,1.5,0.8797537636250833,117.0,129.92586024933075,167.87009419453318
golf_zorua,1.0,0.8830245672002257,96.0,86.32147227334593,110.70653700209736
golf_zorua,1.0,0.8828680779735582,97.0,87.64650197939159,112.4457277029742
golf_zorua,1.0,0.8803720362965143,97.0,85.44689081730144,110.24623979487932
golf_zorua,1.0,0.8873977488477964,94.0,86.86344033908452,110.30631613518888
golf_zorua,1.0,0.8767329469979731,96.0,85.48393142284127,111.2115343378215
tenis_egurra,0.5,0.7728455432177366,84.0,67.32748271397548,112.72155297118496
tenis_egurra,0.5,0.7745453617264118,63.0,36.28037670212967,60.47530573060735
tenis_egurra,0.5,0.7757391773243881,62.0,34.299675650560175,56.99786162957807
tenis_egurra,0.5,0.79352992556906,63.0,36.9286695604236,58.64581722065432
tenis_egurra,0.5,0.78686196738094,62.0,35.304152059890725,57.0201921165062
tenis_egurra,1.5,0.7574623679673423,103.0,94.57845648984494,164.8428443641434
tenis_egurra,1.5,0.7574980378506542,102.0,95.27628601513834,166.04346781627584
tenis_egurra,1.5,0.7562043874928155,101.0,95.2320733913332,166.53474418898625
tenis_egurra,1.5,0.7560839881326606,102.0,94.98374635156556,166.15339252610534
tenis_egurra,1.5,0.7601734818326177,102.0,96.62530149349374,167.2112259938293
tenis_egurra,1.0,0.7741453264603491,86.0,66.55792392778255,111.05925975304444
tenis_egurra,1.0,0.7778759884239832,85.0,67.61230558017735,111.7390601034305
tenis_egurra,1.0,0.7694559106805577,84.0,66.3768661105479,112.11126780017996
tenis_egurra,1.0,0.776364874019428,82.0,67.48686705467117,111.96634761850032
tenis_egurra,1.0,0.7728272760274498,84.0,66.75750775439951,111.7725686784189
tenis_zorua,0.5,0.7933160783402876,66.0,38.058422534663805,60.47254840133351
tenis_zorua,0.5,0.7675913412153713,62.0,32.43479260943258,55.04919737314469
tenis_zorua,0.5,0.7705140118977272,61.0,34.63842263890501,58.34411079534422
tenis_zorua,0.5,0.7801358859672042,63.0,37.39038986956888,61.43551200816785
tenis_zorua,0.5,0.7849299371780285,61.0,36.72123647928629,59.60126941413765
tenis_zorua,1.5,0.7555728267394234,101.0,95.09960263372795,166.58122097291843
tenis_zorua,1.5,0.7533232372533362,100.0,95.44245276898998,168.18174863467164
tenis_zorua,1.5,0.7667474874175637,101.0,96.64511043424886,164.38991225732423
tenis_zorua,1.5,0.7539641223281895,99.0,93.51824644279304,164.51101966834975
tenis_zorua,1.5,0.7527515614350396,98.0,93.88102229269236,165.68167632912852
tenis_zorua,1.0,0.7591116447092932,86.0,64.8970731487318,112.6195541219323
tenis_zorua,1.0,0.768146988917488,85.0,66.08892020438589,112.00566560163035
tenis_zorua,1.0,0.7752921349032574,87.0,67.48583514038523,112.27469145731769
tenis_zorua,1.0,0.7676381222149918,82.0,65.10563408821565,110.48555566306705
tenis_zorua,1.0,0.7737049110772714,89.0,65.8440336008764,109.99317055772252
